,stopId,routeId,vehicleId,directionId,previousStop,thisStop,waitTime
0,80401,804,1063-1068-1094,0,,2025-11-10 19:09:25,-1.0
1,80139,804,1018-1040-1043,1,,2025-11-10 19:09:59,-1.0
2,80702,803,1232-1234,0,,2025-11-10 19:10:03,-1.0
3,80201,802,571-572-591-592,1,,2025-11-10 19:12:04,-1.0
4,80101,801,1105-1125-1132,1,,2025-11-10 19:12:43,-1.0
5,80314,803,1227-1231,1,,2025-11-10 19:13:52,-1.0
6,80214,805,508-509-521-530,0,,2025-11-10 19:14:11,-1.0
7,80216,805,545-546-595-596,1,,2025-11-10 19:14:57,-1.0
8,80301,807,1197-1203,1,,2025-11-10 19:15:27,-1.0
9,801103,801,1107-1110-1129,0,,2025-11-10 19:15:41,-1.0
10,80101,801,746-750,1,2025-11-10 19:12:43,2025-11-10 19:16:54,4.183333333333334
11,80401,804,1056-1058-1072,0,2025-11-10 19:09:25,2025-11-10 19:17:00,7.583333333333333
12,80214,802,559-560-581-582,0,,2025-11-10 19:18:25,-1.0
13,80401,804,1019-1041-1210,0,2025-11-10 19:17:00,2025-11-10 19:19:01,2.0166666666666666
14,80139,804,1061-1076-1079,1,2025-11-10 19:09:59,2025-11-10 19:19:29,9.5
15,80709,807,1198-1211,0,,2025-11-10 19:19:42,-1.0
16,80101,801,719-726-732,1,2025-11-10 19:16:54,2025-11-10 19:21:04,4.166666666666667
17,80101,801,203-216-222,1,2025-11-10 19:21:04,2025-11-10 19:22:35,1.5166666666666666
18,80702,803,1026-1219,0,2025-11-10 19:10:03,2025-11-10 19:23:50,13.783333333333333
19,80201,802,4005-4006-4023-4024,1,2025-11-10 19:12:04,2025-11-10 19:24:55,12.85
20,801103,801,704-713-727,0,2025-11-10 19:15:41,2025-11-10 19:24:56,9.25
21,80139,804,1002-1004-1054,1,2025-11-10 19:19:29,2025-11-10 19:25:23,5.9
22,80214,805,511-512-517-518,0,2025-11-10 19:14:11,2025-11-10 19:25:53,11.7
23,80216,805,557-558-579-580,1,2025-11-10 19:14:57,2025-11-10 19:27:07,12.166666666666666
24,801103,801,1131-1162-1182,0,2025-11-10 19:24:56,2025-11-10 19:28:48,3.8666666666666667
25,80301,807,1028-1199,1,2025-11-10 19:15:27,2025-11-10 19:28:58,13.516666666666667
26,80214,802,547-548-587-588,0,2025-11-10 19:18:25,2025-11-10 19:29:46,11.35
27,80314,803,301,1,2025-11-10 19:13:52,2025-11-10 19:30:05,16.216666666666665
28,80401,804,1010-1035-1212,0,2025-11-10 19:19:01,2025-11-10 19:31:25,12.4
29,80101,801,207-221-224,1,2025-11-10 19:22:35,2025-11-10 19:31:30,8.916666666666666
30,80709,807,1188-1202,0,2025-11-10 19:19:42,2025-11-10 19:32:23,12.683333333333334
31,80702,803,304,0,2025-11-10 19:23:50,2025-11-10 19:33:48,9.966666666666667
32,80139,804,1007-1037-1216,1,2025-11-10 19:25:23,2025-11-10 19:34:42,9.316666666666666
33,80201,802,549-550-603-604,1,2025-11-10 19:24:55,2025-11-10 19:35:58,11.05
34,80214,805,545-546-595-596,0,2025-11-10 19:25:53,2025-11-10 19:37:29,11.6
35,80101,801,1115-1134-1155,1,2025-11-10 19:31:30,2025-11-10 19:37:39,6.15
36,80211,805,511-512-517-518,1,,2025-11-10 19:39:24,-1.0
37,80216,805,508-509-521-530,1,2025-11-10 19:27:07,2025-11-10 19:39:41,12.566666666666666
38,80301,807,1189-1195,1,2025-11-10 19:28:58,2025-11-10 19:39:44,10.766666666666667
39,801103,801,1106-1117-1148,0,2025-11-10 19:28:48,2025-11-10 19:40:50,12.033333333333333
40,80314,803,1232-1234,1,2025-11-10 19:30:05,2025-11-10 19:41:29,11.4
41,80101,801,1138-1158-1167,1,2025-11-10 19:37:39,2025-11-10 19:41:29,3.8333333333333335
42,80401,804,1001-1011-1051,0,2025-11-10 19:31:25,2025-11-10 19:42:06,10.683333333333334
43,80709,807,1200-1201,0,2025-11-10 19:32:23,2025-11-10 19:43:20,10.95
44,80214,802,543-544-583-584,0,2025-11-10 19:29:46,2025-11-10 19:43:35,13.816666666666666
45,80702,803,1220-1228,0,2025-11-10 19:33:48,2025-11-10 19:44:02,10.233333333333333
46,80139,804,1065-1069-1086,1,2025-11-10 19:34:42,2025-11-10 19:44:18,9.6
47,80401,804,1048-1185-1187,0,2025-11-10 19:42:06,2025-11-10 19:46:47,4.683333333333334
48,80422,801,1098-1109-1116,1,,2025-11-10 19:47:06,-1.0
49,801103,801,1146-1163-1164,0,2025-11-10 19:40:50,2025-11-10 19:47:06,6.266666666666667
50,80139,804,1014-1021-1042,1,2025-11-10 19:44:18,2025-11-10 19:49:10,4.866666666666666
51,80214,805,557-558-579-580,0,2025-11-10 19:37:29,2025-11-10 19:49:32,12.05
52,80424,801,1107-1110-1129,1,,2025-11-10 19:50:10,-1.0
53,80123,804,1077-1087-1091,0,,2025-11-10 19:50:17,-1.0
54,80109,801,203-216-222,0,,2025-11-10 19:50:27,-1.0
55,80422,801,1154-1174-1184,0,,2025-11-10 19:50:40,-1.0
56,80121,804,1019-1041-1210,1,,2025-11-10 19:50:46,-1.0
57,80138,804,1071-1074-1093,1,,2025-11-10 19:50:46,-1.0
58,80203,802,559-560-581-582,1,,2025-11-10 19:50:48,-1.0
59,80201,802,537-538-563-564,1,2025-11-10 19:35:58,2025-11-10 19:50:55,14.95
60,80112,801,1139-1147-1159,1,,2025-11-10 19:50:57,-1.0
61,80417,801,1143-1144-1175,1,,2025-11-10 19:51:12,-1.0
62,80202,802,549-550-603-604,0,,2025-11-10 19:51:12,-1.0
63,80707,807,1188-1202,1,,2025-11-10 19:51:21,-1.0
64,80421,801,1140-1152-1157,0,,2025-11-10 19:51:29,-1.0
65,80313,803,1026-1219,1,,2025-11-10 19:51:34,-1.0
66,80410,801,1114-1124-1126,0,,2025-11-10 19:51:36,-1.0
67,80305,803,1220-1228,1,,2025-11-10 19:51:40,-1.0
68,80407,804,1010-1035-1212,1,,2025-11-10 19:51:42,-1.0
69,80703,807,1028-1199,0,,2025-11-10 19:51:44,-1.0
70,80209,802,547-548-587-588,1,,2025-11-10 19:51:44,-1.0
71,80310,803,304,1,,2025-11-10 19:51:46,-1.0
72,80117,801,1149-1156-1179,1,,2025-11-10 19:51:48,-1.0
73,80207,802,4005-4006-4023-4024,0,,2025-11-10 19:51:51,-1.0
74,80134,804,1002-1004-1054,0,,2025-11-10 19:51:52,-1.0
75,80130,804,1061-1076-1079,0,,2025-11-10 19:51:57,-1.0
76,80311,803,301,0,,2025-11-10 19:52:01,-1.0
77,80402,804,1066-1083-1092,0,,2025-11-10 19:52:07,-1.0
78,81403,801,1097-1099-1104,0,,2025-11-10 19:52:12,-1.0
79,80210,805,508-509-521-530,0,,2025-11-10 19:52:13,-1.0
80,80154,801,206-301-302,1,,2025-11-10 19:52:14,-1.0
81,80411,801,1145-1150-1181,1,,2025-11-10 19:52:16,-1.0
82,80702,807,1198-1211,1,,2025-11-10 19:52:19,-1.0
83,80116,801,1105-1125-1132,0,,2025-11-10 19:52:21,-1.0
84,80130,804,1057-1070-1081,1,,2025-11-10 19:52:21,-1.0
85,801100,801,1131-1162-1182,1,,2025-11-10 19:52:28,-1.0
86,80120,801,1096-1121-1127,1,,2025-11-10 19:52:32,-1.0
87,80402,804,1048-1185-1187,1,,2025-11-10 19:52:35,-1.0
88,80214,802,571-572-591-592,0,2025-11-10 19:43:35,2025-11-10 19:52:39,9.066666666666666
89,80212,805,545-546-595-596,1,,2025-11-10 19:52:43,-1.0
90,80105,801,1115-1134-1155,0,,2025-11-10 19:52:44,-1.0
91,80126,804,1063-1068-1094,1,,2025-11-10 19:52:45,-1.0
92,80405,804,1036-1045-1047,0,,2025-11-10 19:52:49,-1.0
93,80154,801,1151-1170-1172,1,2025-11-10 19:52:14,2025-11-10 19:52:59,0.75
94,80110,801,1105-1111-1130,1,,2025-11-10 19:53:03,-1.0
95,801102,801,1177-1178-1183,0,,2025-11-10 19:53:03,-1.0
96,80107,801,205-234-241,1,,2025-11-10 19:53:05,-1.0
97,80427,801,702-733-742,0,,2025-11-10 19:53:15,-1.0
98,80426,801,227-235-244,0,,2025-11-10 19:53:15,-1.0
99,80113,801,719-726-732,0,,2025-11-10 19:53:16,-1.0
100,80301,807,1193-1194,1,2025-11-10 19:39:44,2025-11-10 19:53:18,13.566666666666666
101,80135,804,1022-1028-1215,1,,2025-11-10 19:53:21,-1.0
102,80707,807,1197-1203,0,,2025-11-10 19:53:22,-1.0
103,80414,801,1137-1153-1161,0,,2025-11-10 19:53:23,-1.0
104,81403,804,1015-1032-1214,0,,2025-11-10 19:53:24,-1.0
105,80121,801,1102-1103-1128,1,,2025-11-10 19:53:26,-1.0
106,80305,803,1227-1231,0,,2025-11-10 19:53:27,-1.0
107,80113,801,746-750,0,2025-11-10 19:53:16,2025-11-10 19:53:32,0.26666666666666666
108,80125,804,1018-1040-1043,0,,2025-11-10 19:53:32,-1.0
109,80420,801,215-218-226,0,,2025-11-10 19:53:33,-1.0
110,80303,807,1189-1195,0,,2025-11-10 19:53:40,-1.0
111,80214,802,block_212_schedBasedVehicle,0,2025-11-10 19:52:39,2025-11-10 20:33:04,40.416666666666664
